City,Population density,2016 Population,Land Area,http://www.governing.com/gov-data/population-density-land-area-cities-map.html
"Abilene, Texas","1,145","122,225",107,
"Akron, Ohio","3,186","197,633",62,
"Alameda, California","7,437","78,906",11,
"Albany, Georgia","1,339","73,801",55,
"Albany, New York","4,587","98,111",21,
"Albany, Oregon","3,034","53,211",18,
"Albuquerque, New Mexico","2,979","559,277",188,
"Alexandria, Virginia","10,367","155,810",15,
"Alhambra, California","11,202","85,474",8,
"Aliso Viejo, California","6,884","51,424",7,
"Allen, Texas","3,772","99,179",26,
"Allentown, Pennsylvania","6,863","120,443",18,
"Alpharetta, Georgia","2,428","65,338",27,
"Amarillo, Texas","2,006","199,582",99,
"Ames, Iowa","2,734","66,191",24,
"Anaheim, California","7,043","351,043",50,
"Anchorage, Alaska",175,"298,192","1,705",
"Anderson, Indiana","1,333","55,130",41,
"Ankeny, Iowa","1,999","58,627",29,
"Ann Arbor, Michigan","4,340","120,782",28,
"Antioch, California","3,912","110,898",28,
"Apple Valley, California",991,"72,553",73,
"Apple Valley, Minnesota","3,082","51,957",17,
"Appleton, Wisconsin","3,057","74,370",24,
"Arcadia, California","5,354","58,523",11,
"Arlington Heights, Illinois","4,547","75,525",17,
"Arlington, Texas","4,096","392,772",96,
"Arvada, Colorado","3,342","117,453",35,
"Asheville, North Carolina","1,984","89,121",45,
"Athens-Clarke County, Georgia","1,060","123,371",116,
"Atlanta, Georgia","3,549","472,522",133,
"Auburn, Alabama","1,087","63,118",58,
"Auburn, Washington","2,616","77,472",30,
"Augusta-Richmond County, Georgia",652,"197,081",302,
"Aurora, Colorado","2,338","361,710",155,
"Aurora, Illinois","4,475","201,110",45,
"Austin, Texas","3,182","947,890",298,
"Avondale, Arizona","1,818","82,881",46,
"Bakersfield, California","2,648","376,380",142,
"Baldwin Park, California","11,533","76,464",7,
"Baltimore, Maryland","7,594","614,664",81,
"Bartlett, Tennessee","2,200","58,622",27,
"Baton Rouge, Louisiana","2,959","227,715",77,
"Battle Creek, Michigan","1,209","51,534",43,
"Bayonne, New Jersey","11,420","66,238",6,
"Baytown, Texas","2,144","75,992",35,
"Beaumont, Texas","1,429","118,299",83,
"Beaverton, Oregon","5,210","97,590",19,
"Bellevue, Nebraska","3,376","53,505",16,
"Bellevue, Washington","4,423","141,400",32,
"Bellflower, California","12,711","77,790",6,
"Bellingham, Washington","3,234","87,574",27,
"Bend, Oregon","2,760","91,122",33,
"Berkeley, California","11,580","121,240",10,
"Berwyn, Illinois","14,258","55,748",4,
"Bethlehem, Pennsylvania","3,942","75,293",19,
"Billings, Montana","2,541","110,323",43,
"Birmingham, Alabama","1,452","212,157",146,
"Bismarck, North Dakota","2,348","72,417",31,
"Blaine, Minnesota","1,858","62,892",34,
"Bloomington, Illinois","2,866","78,005",27,
"Bloomington, Indiana","3,647","84,465",23,
"Bloomington, Minnesota","2,460","85,319",35,
"Blue Springs, Missouri","2,444","54,431",22,
"Boca Raton, Florida","3,277","96,114",29,
"Boise City, Idaho","2,812","223,154",79,
"Bolingbrook, Illinois","3,098","74,518",24,
"Bonita Springs, Florida","1,404","54,198",39,
"Bossier City, Louisiana","1,618","68,485",42,
"Boston, Massachusetts","13,943","673,184",48,
"Boulder, Colorado","4,383","108,090",25,
"Bowie, Maryland","3,168","58,393",18,
"Bowling Green, Kentucky","1,727","65,234",38,
"Boynton Beach, Florida","4,673","75,569",16,
"Bradenton, Florida","3,927","55,687",14,
"Brentwood, California","4,093","60,532",15,
"Bridgeport, Connecticut","9,138","145,936",16,
"Bristol, Connecticut","2,277","60,147",26,
"Brockton, Massachusetts","4,483","95,630",21,
"Broken Arrow, Oklahoma","1,744","107,403",62,
"Brooklyn Park, Minnesota","3,057","79,707",26,
"Broomfield, Colorado","2,014","66,529",33,
"Brownsville, Texas","1,389","183,823",132,
"Bryan, Texas","1,875","83,260",44,
"Buckeye, Arizona",172,"64,629",375,
"Buena Park, California","7,905","83,156",11,
"Buffalo, New York","6,362","256,902",40,
"Burbank, California","6,023","104,447",17,
"Burien, Washington","6,873","50,997",7,
"Burlington, North Carolina","2,094","52,709",25,
"Burnsville, Minnesota","2,460","61,290",25,
"Caldwell, Idaho","2,409","53,149",22,
"Camarillo, California","3,449","67,363",20,
"Cambridge, Massachusetts","17,316","110,651",6,
"Camden, New Jersey","8,343","74,420",9,
"Canton, Ohio","2,801","71,323",25,
"Cape Coral, Florida","1,702","179,804",106,
"Carlsbad, California","3,021","113,952",38,
"Carmel, Indiana","1,919","91,065",47,
"Carrollton, Texas","3,674","133,351",36,
"Carson City, Nevada",378,"54,742",145,
"Carson, California","4,957","92,797",19,
"Cary, North Carolina","2,987","162,320",54,
"Casa Grande, Arizona",497,"54,534",110,
"Casper, Wyoming","2,205","59,324",27,
"Castle Rock, Colorado","1,707","57,666",34,
"Cathedral City, California","2,514","54,056",22,
"Cedar Park, Texas","3,016","68,918",23,
"Cedar Rapids, Iowa","1,852","131,127",71,
"Centennial, Colorado","3,828","109,932",29,
"Cerritos, California","5,791","50,555",9,
"Champaign, Illinois","3,863","86,637",22,
"Chandler, Arizona","3,842","247,477",64,
"Chapel Hill, North Carolina","2,805","59,246",21,
"Charleston, South Carolina","1,233","134,385",109,
"Charlotte, North Carolina","2,829","842,051",298,
"Chattanooga, Tennessee","1,295","177,571",137,
"Chesapeake, Virginia",698,"237,940",341,
"Cheyenne, Wyoming","2,611","64,019",25,
"Chicago, Illinois","11,883","2,704,958",228,
"Chico, California","2,782","91,567",33,
"Chicopee, Massachusetts","2,453","55,991",23,
"Chino Hills, California","1,764","78,822",45,
"Chino, California","2,961","87,776",30,
"Chula Vista, California","5,383","267,172",50,
"Cicero, Illinois","14,162","82,992",6,
"Cincinnati, Ohio","3,834","298,800",78,
"Citrus Heights, California","6,144","87,432",14,
"Clarksville, Tennessee","1,540","150,287",98,
"Clearwater, Florida","4,474","114,361",26,
"Cleveland, Ohio","4,965","385,809",78,
"Clifton, New Jersey","7,624","85,845",11,
"Clovis, California","4,578","106,583",23,
"Coconut Creek, Florida","5,013","59,405",12,
"Coeur d'Alene, Idaho","3,230","50,285",16,
"College Station, Texas","2,268","112,141",49,
"Colorado Springs, Colorado","2,391","465,101",195,
"Colton, California","3,571","54,712",15,
"Columbia, Missouri","1,912","120,612",63,
"Columbia, South Carolina","1,016","134,309",132,
"Columbus, Georgia",913,"197,485",216,
"Columbus, Ohio","3,960","860,090",217,
"Commerce City, Colorado","1,600","54,869",34,
"Compton, California","9,745","97,550",10,
"Concord, California","4,214","128,726",31,
"Concord, North Carolina","1,491","89,891",60,
"Conroe, Texas","1,561","82,286",53,
"Conway, Arkansas","1,440","65,300",45,
"Coon Rapids, Minnesota","2,758","62,359",23,
"Coral Gables, Florida","3,933","50,815",13,
"Coral Springs, Florida","5,467","130,059",24,
"Corona, California","4,295","166,785",39,
"Corpus Christi, Texas","2,028","325,733",161,
"Corvallis, Oregon","4,042","57,110",14,
"Costa Mesa, California","7,209","112,822",16,
"Council Bluffs, Iowa","1,526","62,524",41,
"Cranston, Rhode Island","2,859","81,034",28,
"Cupertino, California","5,386","60,643",11,
"Dallas, Texas","3,870","1,317,929",341,
"Daly City, California","13,900","106,472",8,
"Danbury, Connecticut","2,029","84,992",42,
"Davenport, Iowa","1,630","102,612",63,
"Davie, Florida","2,920","101,871",35,
"Davis, California","6,887","68,111",10,
"Dayton, Ohio","2,525","140,489",56,
"Daytona Beach, Florida","1,141","66,645",58,
"Dearborn Heights, Michigan","4,750","55,761",12,
"Dearborn, Michigan","3,899","94,444",24,
"Decatur, Alabama","1,026","55,072",54,
"Decatur, Illinois","1,722","72,706",42,
"Deerfield Beach, Florida","5,286","79,764",15,
"Delano, California","3,686","52,707",14,
"Delray Beach, Florida","4,261","67,371",16,
"Deltona, Florida","2,401","90,124",38,
"Denton, Texas","1,521","133,808",88,
"Denver, Colorado","4,530","693,060",153,
"Des Moines, Iowa","2,664","215,472",81,
"Des Plaines, Illinois","4,071","58,141",14,
"DeSoto, Texas","2,433","52,599",22,
"Detroit, Michigan","4,849","672,795",139,
"Diamond Bar, California","3,817","56,793",15,
"Doral, Florida","4,175","57,947",14,
"Dothan, Alabama",766,"68,468",89,
"Downey, California","9,127","113,267",12,
"Dublin, California","3,996","59,583",15,
"Dubuque, Iowa","1,953","58,531",30,
"Duluth, Minnesota","1,273","86,293",68,
"Durham, North Carolina","2,450","263,016",107,
"Eagan, Minnesota","2,135","66,428",31,
"East Orange, New Jersey","16,528","64,789",4,
"Eastvale, California","5,359","61,151",11,
"Eau Claire, Wisconsin","2,133","68,339",32,
"Eden Prairie, Minnesota","1,970","63,914",32,
"Edina, Minnesota","3,324","51,350",15,
"Edinburg, Texas","2,329","87,650",38,
"Edmond, Oklahoma","1,077","91,191",85,
"El Cajon, California","7,191","103,768",14,
"El Monte, California","12,114","115,807",10,
"El Paso, Texas","2,676","683,080",255,
"Elgin, Illinois","3,017","112,123",37,
"Elizabeth, New Jersey","10,442","128,640",12,
"Elk Grove, California","4,023","169,743",42,
"Elkhart, Indiana","2,227","52,221",23,
"Elyria, Ohio","2,611","53,715",21,
"Encinitas, California","3,356","63,131",19,
"Enid, Oklahoma",692,"51,004",74,
"Erie, Pennsylvania","5,167","98,593",19,
"Escondido, California","4,119","151,613",37,
"Eugene, Oregon","3,810","166,575",44,
"Euless, Texas","3,379","54,769",16,
"Evanston, Illinois","9,627","74,895",8,
"Evansville, Indiana","2,706","119,477",44,
"Everett, Washington","3,260","109,043",33,
"Fairfield, California","3,069","114,756",37,
"Fall River, Massachusetts","2,684","88,930",33,
"Fargo, North Dakota","2,474","120,762",49,
"Farmington Hills, Michigan","2,438","81,129",33,
"Fayetteville, Arkansas","1,557","83,826",54,
"Fayetteville, North Carolina","1,404","204,759",146,
"Federal Way, Washington","4,347","96,757",22,
"Fishers, Indiana","2,683","90,127",34,
"Flagstaff, Arizona","1,119","71,459",64,
"Flint, Michigan","2,914","97,386",33,
"Florissant, Missouri","4,122","51,776",13,
"Flower Mound, Texas","1,777","73,547",41,
"Folsom, California","3,520","77,271",22,
"Fontana, California","4,941","209,665",42,
"Fort Collins, Colorado","3,025","164,207",54,
"Fort Lauderdale, Florida","5,141","178,752",35,
"Fort Myers, Florida","1,931","77,146",40,
"Fort Smith, Arkansas","1,422","88,133",62,
"Fort Wayne, Indiana","2,391","264,488",111,
"Fort Worth, Texas","2,513","854,113",340,
"Fountain Valley, California","6,267","56,529",9,
"Franklin, Tennessee","1,814","74,794",41,
"Frederick, Maryland","3,186","70,060",22,
"Fremont, California","3,010","233,136",77,
"Fresno, California","4,663","522,053",112,
"Frisco, Texas","2,648","163,656",62,
"Fullerton, California","6,296","140,721",22,
"Gainesville, Florida","2,147","131,591",61,
"Gaithersburg, Maryland","6,645","67,776",10,
"Galveston, Texas","1,226","50,550",41,
"Garden Grove, California","9,747","174,858",18,
"Gardena, California","10,300","60,048",6,
"Garland, Texas","4,116","234,943",57,
"Gary, Indiana","1,532","76,424",50,
"Gastonia, North Carolina","1,496","75,536",51,
"Georgetown, Texas","1,403","67,140",48,
"Gilbert, Arizona","3,489","237,133",68,
"Gilroy, California","3,410","55,069",16,
"Glendale, Arizona","4,100","245,895",60,
"Glendale, California","6,595","200,831",30,
"Glendora, California","2,674","51,851",19,
"Goodyear, Arizona",403,"77,258",191,
"Grand Forks, North Dakota","2,881","57,339",20,
"Grand Island, Nebraska","1,813","51,517",28,
"Grand Junction, Colorado","1,619","61,881",38,
"Grand Prairie, Texas","2,645","190,682",72,
"Grand Rapids, Michigan","4,424","196,445",44,
"Grapevine, Texas","1,628","51,971",32,
"Great Falls, Montana","2,716","59,178",22,
"Greeley, Colorado","2,234","103,990",47,
"Green Bay, Wisconsin","2,312","105,139",45,
"Greensboro, North Carolina","2,269","287,027",127,
"Greenville, North Carolina","2,644","91,495",35,
"Greenville, South Carolina","2,353","67,453",29,
"Greenwood, Indiana","2,663","56,545",21,
"Gresham, Oregon","4,807","111,523",23,
"Gulfport, Mississippi","1,297","72,076",56,
"Hamilton, Ohio","2,876","62,127",22,
"Hammond, Indiana","3,386","77,134",23,
"Hampton, Virginia","2,634","135,410",51,
"Hanford, California","3,348","55,547",17,
"Harlingen, Texas","1,646","65,539",40,
"Harrisonburg, Virginia","3,047","53,078",17,
"Hartford, Connecticut","7,091","123,243",17,
"Haverhill, Massachusetts","1,907","62,873",33,
"Hawthorne, California","14,479","88,031",6,
"Hayward, California","3,507","158,937",45,
"Hemet, California","3,026","84,281",28,
"Hempstead, New York","15,096","55,555",4,
"Henderson, Nevada","2,719","292,969",108,
"Hendersonville, Tennessee","1,819","57,050",31,
"Hesperia, California","1,282","93,724",73,
"Hialeah, Florida","11,020","236,387",21,
"High Point, North Carolina","2,067","111,223",54,
"Highland, California","2,929","54,939",19,
"Hillsboro, Oregon","4,400","105,164",24,
"Hoboken, New Jersey","42,484","54,379",1,
"Hoffman Estates, Illinois","2,487","51,738",21,
"Hollywood, Florida","5,553","151,998",27,
"Homestead, Florida","4,491","67,996",15,
"Hoover, Alabama","1,802","84,978",47,
"Houston, Texas","3,842","2,303,482",600,
"Huntersville, North Carolina","1,384","54,839",40,
"Huntington Beach, California","7,501","200,652",27,
"Huntington Park, California","19,561","58,879",3,
"Huntsville, Alabama",924,"193,079",209,
"Idaho Falls, Idaho","2,694","60,211",22,
"Independence, Missouri","1,509","117,030",78,
"Indianapolis, Indiana","2,366","855,164",361,
"Indio, California","3,032","88,488",29,
"Inglewood, California","12,200","110,654",9,
"Iowa City, Iowa","2,975","74,398",25,
"Irvine, California","4,025","266,122",66,
"Irving, Texas","3,555","238,289",67,
"Jackson, Mississippi","1,523","169,148",111,
"Jackson, Tennessee","1,247","67,005",54,
"Jacksonville, Florida","1,179","880,619",747,
"Jacksonville, North Carolina","1,457","67,784",47,
"Janesville, Wisconsin","1,895","64,159",34,
"Jersey City, New Jersey","17,860","264,152",15,
"Johns Creek, Georgia","2,729","83,873",31,
"Johnson City, Tennessee","1,553","66,677",43,
"Joliet, Illinois","2,387","148,262",62,
"Jonesboro, Arkansas",938,"74,889",80,
"Joplin, Missouri","1,468","52,195",36,
"Jupiter, Florida","2,972","63,813",21,
"Kalamazoo, Michigan","3,079","75,984",25,
"Kansas City, Kansas","1,216","151,709",125,
"Kansas City, Missouri","1,529","481,420",315,
"Kenner, Louisiana","4,512","67,089",15,
"Kennewick, Washington","2,988","80,454",27,
"Kenosha, Wisconsin","3,700","99,631",27,
"Kent, Washington","4,454","127,514",29,
"Kentwood, Michigan","2,473","51,689",21,
"Kettering, Ohio","2,961","55,306",19,
"Killeen, Texas","2,676","143,400",54,
"Kingsport, Tennessee","1,060","52,806",50,
"Kirkland, Washington","8,128","87,701",11,
"Kissimmee, Florida","3,274","69,369",21,
"Knoxville, Tennessee","1,890","186,239",99,
"Kokomo, Indiana","3,124","57,799",19,
"La Crosse, Wisconsin","2,539","52,109",21,
"La Habra, California","8,367","61,664",7,
"La Mesa, California","6,602","59,948",9,
"Lafayette, Indiana","2,588","71,782",28,
"Lafayette, Louisiana","2,592","127,626",49,
"Laguna Niguel, California","4,405","65,328",15,
"Lake Charles, Louisiana","1,827","76,848",42,
"Lake Elsinore, California","1,773","64,205",36,
"Lake Forest, California","4,671","83,240",18,
"Lake Havasu City, Arizona","1,210","53,743",44,
"Lakeland, Florida","1,630","106,420",65,
"Lakeville, Minnesota","1,718","61,938",36,
"Lakewood, California","8,623","81,138",9,
"Lakewood, Colorado","3,601","154,393",43,
"Lakewood, Ohio","9,092","50,279",6,
"Lakewood, Washington","3,533","60,665",17,
"Lancaster, California","1,698","160,106",94,
"Lancaster, Pennsylvania","8,191","59,218",7,
"Lansing, Michigan","3,218","116,020",36,
"Laredo, Texas","2,892","257,156",89,
"Largo, Florida","4,714","83,065",18,
"Las Cruces, New Mexico","1,330","101,759",76,
"Las Vegas, Nevada","4,660","632,912",136,
"Lauderhill, Florida","8,397","71,626",9,
"Lawrence, Kansas","2,841","95,358",34,
"Lawrence, Massachusetts","11,574","80,209",7,
"Lawton, Oklahoma","1,168","94,653",81,
"Layton, Utah","3,439","75,655",22,
"League City, Texas","1,989","102,010",51,
"Lee's Summit, Missouri","1,517","96,076",63,
"Leesburg, Virginia","4,246","52,607",12,
"Lehi, Utah","2,321","61,130",26,
"Lenexa, Kansas","1,551","52,903",34,
"Lewisville, Texas","2,875","104,659",36,
"Lexington, Kentucky","1,123","318,449",284,
"Lincoln, Nebraska","3,146","280,364",89,
"Little Rock, Arkansas","1,666","198,541",119,
"Livermore, California","3,541","89,115",25,
"Livonia, Michigan","2,634","94,041",36,
"Lodi, California","4,750","64,641",14,
"Logan, Utah","2,825","50,676",18,
"Long Beach, California","9,348","470,130",50,
"Longmont, Colorado","3,546","92,858",26,
"Longview, Texas","1,473","82,055",56,
"Lorain, Ohio","2,692","63,730",24,
"Los Angeles, California","8,484","3,976,322",469,
"Louisville, Kentucky","1,895","616,261",325,
"Loveland, Colorado","2,289","76,897",34,
"Lowell, Massachusetts","8,141","110,558",14,
"Lubbock, Texas","2,063","252,506",122,
"Lynchburg, Virginia","1,633","80,212",49,
"Lynn, Massachusetts","8,631","92,697",11,
"Lynwood, California","14,708","71,187",5,
"Madera, California","4,081","64,444",16,
"Madison, Wisconsin","3,289","252,551",77,
"Malden, Massachusetts","12,071","60,840",5,
"Manchester, New Hampshire","3,339","110,506",33,
"Manhattan, Kansas","2,931","54,983",19,
"Mansfield, Texas","1,804","65,631",36,
"Manteca, California","4,338","76,908",18,
"Maple Grove, Minnesota","2,132","69,576",33,
"Margate, Florida","6,539","57,870",9,
"Marietta, Georgia","2,640","60,941",23,
"Marysville, Washington","3,270","67,626",21,
"McAllen, Texas","2,942","142,212",48,
"McKinney, Texas","2,770","172,298",62,
"Medford, Massachusetts","7,063","57,213",8,
"Medford, Oregon","3,173","81,636",26,
"Melbourne, Florida","2,398","81,185",34,
"Memphis, Tennessee","2,072","652,717",315,
"Menifee, California","1,905","88,531",46,
"Merced, California","3,542","82,594",23,
"Meriden, Connecticut","2,506","59,622",24,
"Meridian, Idaho","3,569","95,623",27,
"Mesa, Arizona","3,551","484,587",136,
"Mesquite, Texas","3,123","143,736",46,
"Miami Beach, Florida","12,047","91,917",8,
"Miami Gardens, Florida","6,202","113,058",18,
"Miami, Florida","12,645","453,579",36,
"Midland, Texas","1,868","134,610",72,
"Midwest City, Oklahoma","2,349","57,305",24,
"Milford, Connecticut","2,399","52,536",22,
"Milpitas, California","5,705","77,528",14,
"Milwaukee, Wisconsin","6,191","595,047",96,
"Minneapolis, Minnesota","7,664","413,651",54,
"Minnetonka, Minnesota","1,945","52,369",27,
"Miramar, Florida","4,690","138,449",30,
"Mission Viejo, California","5,434","96,396",18,
"Mission, Texas","2,458","83,563",34,
"Missoula, Montana","2,630","72,364",28,
"Missouri City, Texas","2,624","74,561",28,
"Mobile, Alabama","1,387","192,904",139,
"Modesto, California","5,755","212,175",37,
"Montebello, California","7,603","63,335",8,
"Monterey Park, California","7,963","61,075",8,
"Montgomery, Alabama","1,254","200,022",160,
"Moore, Oklahoma","2,815","61,415",22,
"Moreno Valley, California","4,008","205,499",51,
"Mount Pleasant, South Carolina","1,867","84,170",45,
"Mount Prospect, Illinois","5,239","54,171",10,
"Mount Vernon, New York","15,568","68,344",4,
"Mountain View, California","6,704","80,447",12,
"Muncie, Indiana","2,537","69,010",27,
"Murfreesboro, Tennessee","2,384","131,947",55,
"Murrieta, California","3,326","111,674",34,
"Nampa, Idaho","2,930","91,382",31,
"Napa, California","4,508","80,416",18,
"Naperville, Illinois","3,795","147,122",39,
"Nashua, New Hampshire","2,849","87,882",31,
"Nashville, Tennessee","1,390","660,388",475,
"National City, California","8,399","61,147",7,
"New Bedford, Massachusetts","4,752","95,032",20,
"New Braunfels, Texas","1,686","73,959",44,
"New Britain, Connecticut","5,419","72,558",13,
"New Brunswick, New Jersey","10,881","56,910",5,
"New Haven, Connecticut","6,956","129,934",19,
"New Orleans, Louisiana","2,311","391,495",169,
"New Rochelle, New York","7,687","79,557",10,
"New York, New York","28,211","8,537,673",303,
"Newark, New Jersey","11,648","281,764",24,
"Newport Beach, California","3,642","86,688",24,
"Newport News, Virginia","2,646","181,825",69,
"Newton, Massachusetts","4,991","89,045",18,
"Noblesville, Indiana","1,918","60,183",31,
"Norfolk, Virginia","4,529","245,115",54,
"Normal, Illinois","2,957","54,264",18,
"Norman, Oklahoma",683,"122,180",179,
"North Charleston, South Carolina","1,493","109,298",73,
"North Las Vegas, Nevada","2,355","238,702",101,
"North Little Rock, Arkansas","1,287","66,278",52,
"North Miami, Florida","7,389","62,139",8,
"North Port, Florida",645,"64,274",100,
"North Richland Hills, Texas","3,841","69,798",18,
"Norwalk, California","10,935","106,178",10,
"Norwalk, Connecticut","3,869","88,438",23,
"Novato, California","2,041","56,004",27,
"Novi, Michigan","1,957","59,211",30,
"O'Fallon, Missouri","2,956","86,274",29,
"Oak Lawn, Illinois","6,549","56,257",9,
"Oak Park, Illinois","11,016","51,774",5,
"Oakland, California","7,528","420,005",56,
"Ocala, Florida","1,322","59,253",45,
"Oceanside, California","4,256","175,464",41,
"Odessa, Texas","2,810","117,871",42,
"Ogden, Utah","3,200","86,701",27,
"Oklahoma City, Oklahoma","1,053","638,367",606,
"Olathe, Kansas","2,271","135,473",60,
"Olympia, Washington","2,873","51,202",18,
"Omaha, Nebraska","3,517","446,970",127,
"Ontario, California","3,468","173,212",50,
"Orange, California","5,665","140,504",25,
"Orem, Utah","5,331","97,499",18,
"Orland Park, Illinois","2,690","58,862",22,
"Orlando, Florida","2,707","277,173",102,
"Oshkosh, Wisconsin","2,602","66,579",26,
"Overland Park, Kansas","2,525","188,966",75,
"Owensboro, Kentucky","3,105","59,273",19,
"Oxnard, California","7,732","207,906",27,
"Palatine, Illinois","5,049","68,766",14,
"Palm Bay, Florida","1,676","110,104",66,
"Palm Beach Gardens, Florida",976,"53,778",55,
"Palm Coast, Florida",947,"85,109",90,
"Palm Desert, California","1,948","52,231",27,
"Palmdale, California","1,485","157,356",106,
"Palo Alto, California","2,807","67,024",24,
"Paramount, California","11,609","54,909",5,
"Parker, Colorado","2,498","51,163",20,
"Parma, Ohio","3,967","79,425",20,
"Pasadena, California","6,185","142,059",23,
"Pasadena, Texas","3,586","153,351",43,
"Pasco, Washington","2,314","70,579",31,
"Passaic, New Jersey","22,424","70,635",3,
"Paterson, New Jersey","17,438","147,000",8,
"Pawtucket, Rhode Island","8,229","71,427",9,
"Peabody, Massachusetts","3,238","52,491",16,
"Pearland, Texas","2,415","113,570",47,
"Pembroke Pines, Florida","5,090","168,587",33,
"Pensacola, Florida","2,386","53,779",23,
"Peoria, Arizona",941,"164,173",174,
"Peoria, Illinois","2,380","114,265",48,
"Perris, California","2,432","76,331",31,
"Perth Amboy, New Jersey","11,170","52,499",5,
"Petaluma, California","4,209","60,530",14,
"Pflugerville, Texas","2,654","59,245",22,
"Pharr, Texas","3,301","77,320",23,
"Philadelphia, Pennsylvania","11,692","1,567,872",134,
"Phoenix, Arizona","3,126","1,615,017",517,
"Pico Rivera, California","7,667","63,635",8,
"Pinellas Park, Florida","3,362","52,137",16,
"Pittsburg, California","4,104","70,679",17,
"Pittsburgh, Pennsylvania","5,484","303,625",55,
"Placentia, California","7,949","52,228",7,
"Plainfield, New Jersey","8,411","50,636",6,
"Plano, Texas","3,996","286,057",72,
"Plantation, Florida","4,264","92,706",22,
"Pleasanton, California","3,412","82,270",24,
"Plymouth, Minnesota","2,363","77,216",33,
"Pocatello, Idaho","1,699","54,746",32,
"Pomona, California","6,645","152,494",23,
"Pompano Beach, Florida","4,558","109,393",24,
"Pontiac, Michigan","2,989","59,698",20,
"Port Arthur, Texas",721,"55,427",77,
"Port Orange, Florida","2,292","61,105",27,
"Port St. Lucie, Florida","1,625","185,132",114,
"Porterville, California","3,349","58,978",18,
"Portland, Maine","3,141","66,937",21,
"Portland, Oregon","4,795","639,863",133,
"Portsmouth, Virginia","2,831","95,252",34,
"Poway, California","1,281","50,077",39,
"Providence, Rhode Island","9,740","179,219",18,
"Provo, Utah","2,805","116,868",42,
"Pueblo, Colorado","2,056","110,291",54,
"Quincy, Massachusetts","5,654","93,688",17,
"Racine, Wisconsin","5,011","77,571",15,
"Raleigh, North Carolina","3,211","458,880",143,
"Rancho Cordova, California","2,158","72,326",34,
"Rancho Cucamonga, California","4,430","176,534",40,
"Rapid City, South Dakota","1,336","74,048",55,
"Reading, Pennsylvania","8,864","87,575",10,
"Redding, California","1,539","91,808",60,
"Redlands, California","1,973","71,288",36,
"Redmond, Washington","3,836","62,458",16,
"Redondo Beach, California","10,946","67,867",6,
"Redwood City, California","4,374","84,950",19,
"Reno, Nevada","2,381","245,255",103,
"Renton, Washington","4,366","100,953",23,
"Revere, Massachusetts","9,342","53,157",6,
"Rialto, California","4,623","103,314",22,
"Richardson, Texas","3,969","113,347",29,
"Richland, Washington","1,539","54,989",36,
"Richmond, California","3,652","109,813",30,
"Richmond, Virginia","3,731","223,170",60,
"Rio Rancho, New Mexico",929,"96,028",103,
"Riverside, California","4,002","324,722",81,
"Roanoke, Virginia","2,342","99,660",43,
"Rochester Hills, Michigan","2,237","73,422",33,
"Rochester, Minnesota","2,088","114,011",55,
"Rochester, New York","5,838","208,880",36,
"Rock Hill, South Carolina","2,042","72,937",36,
"Rockford, Illinois","2,417","147,651",61,
"Rocklin, California","3,213","62,787",20,
"Rockville, Maryland","4,955","66,940",14,
"Rocky Mount, North Carolina","1,267","55,466",44,
"Rogers, Arkansas","1,714","65,021",38,
"Rosemead, California","10,562","54,500",5,
"Roseville, California","3,663","132,671",36,
"Roswell, Georgia","2,323","94,598",41,
"Round Rock, Texas","3,544","120,892",34,
"Rowlett, Texas","3,117","61,999",20,
"Royal Oak, Michigan","5,009","59,006",12,
"Sacramento, California","5,058","495,234",98,
"Salem, Oregon","3,495","167,419",48,
"Salinas, California","6,782","157,218",23,
"Salt Lake City, Utah","1,744","193,744",111,
"Sammamish, Washington","3,500","63,773",18,
"San Angelo, Texas","1,771","100,702",57,
"San Antonio, Texas","3,238","1,492,510",461,
"San Bernardino, California","3,653","216,239",59,
"San Buenaventura, California","5,062","109,592",22,
"San Clemente, California","3,491","65,309",19,
"San Diego, California","4,326","1,406,630",325,
"San Francisco, California","18,581","870,887",47,
"San Jose, California","5,808","1,025,350",177,
"San Leandro, California","6,781","90,465",13,
"San Marcos, California","3,909","95,261",24,
"San Marcos, Texas","2,051","61,980",30,
"San Mateo, California","8,570","103,959",12,
"San Rafael, California","3,579","58,954",16,
"San Ramon, California","4,188","75,639",18,
"Sandy Springs, Georgia","2,808","105,703",38,
"Sandy, Utah","4,190","95,836",23,
"Sanford, Florida","2,552","58,605",23,
"Santa Ana, California","12,256","334,217",27,
"Santa Barbara, California","4,722","91,930",19,
"Santa Clara, California","6,841","125,948",18,
"Santa Clarita, California","3,452","181,972",53,
"Santa Cruz, California","5,060","64,465",13,
"Santa Fe, New Mexico","1,824","83,875",46,
"Santa Maria, California","4,670","106,290",23,
"Santa Monica, California","10,996","92,478",8,
"Santa Rosa, California","4,242","175,155",41,
"Santee, California","3,561","57,834",16,
"Sarasota, Florida","3,862","56,610",15,
"Savannah, Georgia","1,423","146,763",103,
"Schaumburg, Illinois","3,873","74,446",19,
"Schenectady, New York","6,022","64,913",11,
"Scottsdale, Arizona","1,341","246,645",184,
"Scranton, Pennsylvania","3,054","77,291",25,
"Seattle, Washington","8,391","704,352",84,
"Shawnee, Kansas","1,558","65,194",42,
"Shoreline, Washington","4,741","55,333",12,
"Shreveport, Louisiana","1,850","194,920",105,
"Simi Valley, California","3,045","126,327",41,
"Sioux City, Iowa","1,445","82,872",57,
"Sioux Falls, South Dakota","2,390","174,360",73,
"Skokie, Illinois","6,389","64,270",10,
"Smyrna, Georgia","3,691","56,664",15,
"Somerville, Massachusetts","19,738","81,322",4,
"South Bend, Indiana","2,454","101,735",41,
"South Gate, California","13,196","95,538",7,
"South Jordan, Utah","3,131","69,034",22,
"South San Francisco, California","7,328","66,980",9,
"Southaven, Mississippi","1,290","53,214",41,
"Southfield, Michigan","2,783","73,100",26,
"Sparks, Nevada","2,750","98,345",36,
"Spokane Valley, Washington","2,551","96,340",38,
"Spokane, Washington","3,645","215,973",59,
"Springdale, Arkansas","1,879","78,557",42,
"Springfield, Illinois","1,945","115,715",59,
"Springfield, Massachusetts","4,834","154,074",32,
"Springfield, Missouri","2,047","167,319",82,
"Springfield, Ohio","2,336","59,087",25,
"Springfield, Oregon","3,932","61,893",16,
"St. Charles, Missouri","2,930","69,293",24,
"St. Clair Shores, Michigan","5,144","59,775",12,
"St. Cloud, Minnesota","1,689","67,641",40,
"St. George, Utah","1,169","82,318",70,
"St. Joseph, Missouri","1,738","76,472",44,
"St. Louis, Missouri","5,030","311,404",62,
"St. Paul, Minnesota","5,818","302,398",52,
"St. Peters, Missouri","2,561","57,289",22,
"St. Petersburg, Florida","4,227","260,999",62,
"Stamford, Connecticut","3,430","129,113",38,
"Sterling Heights, Michigan","3,628","132,427",37,
"Stockton, California","4,979","307,072",62,
"Suffolk, Virginia",223,"89,273",400,
"Sugar Land, Texas","2,723","88,177",32,
"Sunnyvale, California","6,947","152,771",22,
"Sunrise, Florida","5,179","93,734",18,
"Surprise, Arizona","1,255","132,677",106,
"Syracuse, New York","5,726","143,378",25,
"Tacoma, Washington","4,249","211,277",50,
"Tallahassee, Florida","1,904","190,894",100,
"Tamarac, Florida","5,611","65,199",12,
"Tampa, Florida","3,326","377,165",113,
"Taunton, Massachusetts","1,217","56,843",47,
"Taylor, Michigan","2,592","61,177",24,
"Taylorsville, Utah","5,570","60,436",11,
"Temecula, California","3,750","113,054",30,
"Tempe, Arizona","4,570","182,498",40,
"Temple, Texas","1,067","73,600",69,
"Terre Haute, Indiana","1,762","60,852",35,
"Thornton, Colorado","3,924","136,703",35,
"Thousand Oaks, California","2,342","128,888",55,
"Tigard, Oregon","4,395","51,902",12,
"Tinley Park, Illinois","3,548","56,831",16,
"Toledo, Ohio","3,452","278,508",81,
"Topeka, Kansas","2,107","126,808",60,
"Torrance, California","7,187","147,195",20,
"Tracy, California","4,058","89,274",22,
"Trenton, New Jersey","10,988","84,056",8,
"Troy, Michigan","2,499","83,641",33,
"Tucson, Arizona","2,341","530,706",227,
"Tulare, California","2,999","62,779",21,
"Tulsa, Oklahoma","2,049","403,090",197,
"Turlock, California","4,300","72,796",17,
"Tuscaloosa, Alabama","1,653","99,543",60,
"Tustin, California","7,256","80,395",11,
"Tyler, Texas","1,946","104,798",54,
"Union City, California","3,869","75,322",19,
"Union City, New Jersey","54,138","69,296",1,
"Upland, California","4,909","76,684",16,
"Urban Honolulu, Hawaii","5,813","351,792",61,
"Utica, New York","3,619","60,652",17,
"Vacaville, California","3,465","98,303",28,
"Valdosta, Georgia","1,576","56,474",36,
"Vallejo, California","3,955","121,299",31,
"Vancouver, Washington","3,763","174,826",46,
"Victoria, Texas","1,907","67,670",35,
"Victorville, California","1,671","122,265",73,
"Vineland, New Jersey",885,"60,525",68,
"Virginia Beach, Virginia","1,818","452,602",249,
"Visalia, California","3,616","131,074",36,
"Vista, California","5,442","101,659",19,
"Waco, Texas","1,511","134,432",89,
"Walnut Creek, California","3,498","69,122",20,
"Waltham, Massachusetts","4,949","63,002",13,
"Warner Robins, Georgia","2,121","74,388",35,
"Warren, Michigan","3,930","135,125",34,
"Warwick, Rhode Island","2,328","81,579",35,
"Washington, District of Columbia","11,158","681,170",61,
"Waterbury, Connecticut","3,796","108,272",29,
"Waterloo, Iowa","1,107","67,934",61,
"Watsonville, California","8,041","53,796",7,
"Waukegan, Illinois","3,725","88,182",24,
"Waukesha, Wisconsin","2,917","72,363",25,
"Wellington, Florida","1,423","63,900",45,
"West Allis, Wisconsin","5,280","60,087",11,
"West Covina, California","6,724","107,847",16,
"West Des Moines, Iowa","1,673","64,560",39,
"West Haven, Connecticut","5,071","54,516",11,
"West Jordan, Utah","3,503","113,699",32,
"West New York, New Jersey","52,815","53,343",1,
"West Palm Beach, Florida","1,956","108,161",55,
"West Sacramento, California","2,472","52,981",21,
"West Valley City, Utah","3,841","136,574",36,
"Westland, Michigan","3,993","81,545",20,
"Westminster, California","9,111","91,565",10,
"Westminster, Colorado","3,609","113,875",32,
"Weston, Florida","2,783","70,015",25,
"Weymouth Town, Massachusetts","3,334","55,972",17,
"Wheaton, Illinois","4,746","53,389",11,
"White Plains, New York","5,961","58,241",10,
"Whittier, California","5,931","86,883",15,
"Wichita Falls, Texas","1,452","104,724",72,
"Wichita, Kansas","2,448","389,902",159,
"Wilmington, Delaware","6,554","71,442",11,
"Wilmington, North Carolina","2,282","117,525",51,
"Winston-Salem, North Carolina","1,829","242,203",132,
"Woodbury, Minnesota","1,982","68,820",35,
"Woodland, California","3,861","59,068",15,
"Worcester, Massachusetts","4,937","184,508",37,
"Wyoming, Michigan","3,067","75,567",25,
"Yakima, Washington","3,458","93,986",27,
"Yonkers, New York","11,150","200,807",18,
"Yorba Linda, California","3,503","68,235",19,
"Youngstown, Ohio","1,894","64,312",34,
"Yuba City, California","4,585","66,845",15,
"Yucaipa, California","1,911","53,309",28,
"Yuma, Arizona",789,"94,906",120,
